{"cpu_time": 0, "total_cpu_time": null, "wallclock_time": 0.0008869171142578125, "evaluations": 0, "cost": 2147483648, "incumbent": ["x1='0.0'", "x2='0.0'"], "origin": "Sobol"}
{"cpu_time": 0.00500941276550293, "total_cpu_time": null, "wallclock_time": 0.012724637985229492, "evaluations": 1, "cost": 1.0, "incumbent": ["x1='0.0'", "x2='0.0'"], "origin": "Sobol"}
