{"cpu_time": 0, "total_cpu_time": null, "wallclock_time": 0.0007157325744628906, "evaluations": 0, "cost": 2147483648, "incumbent": ["x1='0.0'", "x2='0.0'"], "origin": "Sobol"}
{"cpu_time": 0.004728078842163086, "total_cpu_time": null, "wallclock_time": 0.012070178985595703, "evaluations": 1, "cost": 1.0, "incumbent": ["x1='0.0'", "x2='0.0'"], "origin": "Sobol"}
