{"cpu_time": 0, "total_cpu_time": null, "wallclock_time": 0.0006873607635498047, "evaluations": 0, "cost": 2147483648, "incumbent": ["x1='0.0'", "x2='0.0'"], "origin": "Sobol"}
{"cpu_time": 0.005063056945800781, "total_cpu_time": null, "wallclock_time": 0.012292861938476562, "evaluations": 1, "cost": 1.0, "incumbent": ["x1='0.0'", "x2='0.0'"], "origin": "Sobol"}
