{"cpu_time": 0, "total_cpu_time": null, "wallclock_time": 0.0009915828704833984, "evaluations": 0, "cost": 2147483648, "incumbent": ["x1='0.0'", "x2='0.0'"], "origin": "Sobol"}
{"cpu_time": 0.005294322967529297, "total_cpu_time": null, "wallclock_time": 0.013067245483398438, "evaluations": 1, "cost": 1.0, "incumbent": ["x1='0.0'", "x2='0.0'"], "origin": "Sobol"}
