{"cpu_time": 0, "total_cpu_time": null, "wallclock_time": 0.0012803077697753906, "evaluations": 0, "cost": 2147483648, "incumbent": ["x1='0.0'", "x2='0.0'"], "origin": "Sobol"}
{"cpu_time": 0.0051729679107666016, "total_cpu_time": null, "wallclock_time": 0.013785362243652344, "evaluations": 1, "cost": 1.0, "incumbent": ["x1='0.0'", "x2='0.0'"], "origin": "Sobol"}
